ID,Câu hỏi,Đáp án A,Đáp án B,Đáp án C,Đáp án D,Đáp án đúng,Giải thích,Ví dụ
Q1,Từ '興味' có nghĩa là gì?,Hứng thú,Địa điểm,Người quen,Ý nghĩa,A,"A. Hứng thú (興味 (きょうみ)), B. Địa điểm, C. Người quen (知り合い (しりあい)), D. Ý nghĩa (意味 (いみ))",日本の文化に興味があります。(Tôi có hứng thú với văn hóa Nhật Bản.)
Q2,Từ '意味' có nghĩa là gì?,Hứng thú,Ý nghĩa,Nhạc kịch,Tình trạng,B,"A. Hứng thú (興味 (きょうみ)), B. Ý nghĩa (意味 (いみ)), C. Nhạc kịch (ミュージカル), D. Tình trạng",この言葉の意味が分かりません。(Tôi không hiểu ý nghĩa của từ này.)
Q3,Từ '場所' có nghĩa là gì?,Người quen,"Địa điểm, nơi",Tuyển thủ,Đồng nghiệp,B,"A. Người quen (知り合い (しりあい)), B. Địa điểm, nơi (場所 (ばしょ)), C. Tuyển thủ (選手 (せんしゅ)), D. Đồng nghiệp (同僚 (どうりょう))",待ち合わせの場所は駅の前です。(Địa điểm hẹn gặp là trước nhà ga.)
Q4,Từ '知り合い' có nghĩa là gì?,Người quen,Nhân vật chính,Tuyển thủ,Đồng nghiệp,A,"A. Người quen (知り合い (しりあい)), B. Nhân vật chính (主人公 (しゅじんこう)), C. Tuyển thủ (選手 (せんしゅ)), D. Đồng nghiệp (同僚 (どうりょう))",パーティーで知り合いに会いました。(Tôi đã gặp người quen ở bữa tiệc.)
Q5,Từ '選手' có nghĩa là gì?,Tài xế,Người quen,Tuyển thủ,Đồng nghiệp,C,"A. Tài xế, B. Người quen (知り合い (しりあい)), C. Tuyển thủ (選手 (せんしゅ)), D. Đồng nghiệp (同僚 (どうりょう))",彼は有名なサッカーの選手です。(Anh ấy là một cầu thủ bóng đá nổi tiếng.)
Q6,Từ '調子' có nghĩa là gì?,Hứng thú,Tâm trạng,Ý nghĩa,"Tình trạng (cơ thể, máy móc)",D,"A. Hứng thú (興味 (きょうみ)), B. Tâm trạng (気分 (きぶん)), C. Ý nghĩa (意味 (いみ)), D. Tình trạng (cơ thể, máy móc) (調子 (ちょうし))",今日は体の調子がいいです。(Hôm nay tình trạng cơ thể tôi rất tốt.)
Q7,Từ 'ミュージカル' có nghĩa là gì?,Hẹn hò,Nhạc kịch,Ngoại thương,Tán gẫu,B,"A. Hẹn hò (デート), B. Nhạc kịch (ミュージカル), C. Ngoại thương, D. Tán gẫu",週末にミュージカルを見に行きます。(Cuối tuần tôi sẽ đi xem nhạc kịch.)
Q8,Từ 'チャット' có nghĩa là gì?,Hẹn hò,"Tán gẫu, chat",Nhạc kịch,Quảng cáo,B,"A. Hẹn hò (デート), B. Tán gẫu, chat (チャット), C. Nhạc kịch (ミュージカル), D. Quảng cáo (広告 (こうこく))",友達とチャットをしています。(Tôi đang chat với bạn.)
Q9,Từ '遠い' có nghĩa là gì?,Rộng,Gần,Đắng,Xa,D,"A. Rộng (広い (ひろい)), B. Gần, C. Đắng (苦い (にがい)), D. Xa (遠い (とおい))",家から学校まで遠いです。(Từ nhà đến trường rất xa.)
Q10,Từ 'よろしい' có nghĩa là gì?,Đắng,Xa,Rộng,"Được, tốt (lịch sự)",D,"A. Đắng (苦い (にがい)), B. Xa (遠い (とおい)), C. Rộng (広い (ひろい)), D. Được, tốt (lịch sự) (よろしい)",こちらでよろしいですか。(Ở đây có được không ạ?)
Q11,Từ '苦い' có nghĩa là gì?,Ngọt,"To, lớn",Xa,Đắng,D,"A. Ngọt, B. To, lớn (大きな (おおきな)), C. Xa (遠い (とおい)), D. Đắng (苦い (にがい))",この薬はとても苦いです。(Thuốc này rất đắng.)
Q12,Từ '大きな' có nghĩa là gì?,Nhỏ,Đắng,Rộng,"To, lớn",D,"A. Nhỏ, B. Đắng (苦い (にがい)), C. Rộng (広い (ひろい)), D. To, lớn (大きな (おおきな))",大きな声で話してください。(Hãy nói lớn tiếng lên.)
Q13,Từ '似合う' có nghĩa là gì?,Bắt đầu,Hợp với,Sử dụng,Giới thiệu,B,"A. Bắt đầu (始める (はじめる)), B. Hợp với (似合う (にあう)), C. Sử dụng (利用する (りようする)), D. Giới thiệu (紹介する (しょうかいする))",その服、よく似合っていますね。(Bộ đồ đó rất hợp với bạn.)
Q14,Từ '始める' có nghĩa là gì?,Tốn,Gọi món,Kết thúc,Bắt đầu,D,"A. Tốn, B. Gọi món, C. Kết thúc, D. Bắt đầu (始める (はじめる))",日本語の勉強を始めます。(Bắt đầu học tiếng Nhật.)
Q15,Từ '注文する' có nghĩa là gì?,Sử dụng,Giới thiệu,"Gọi món, đặt mua",Cắt,C,"A. Sử dụng (利用する (りようする)), B. Giới thiệu (紹介する (しょうかいする)), C. Gọi món, đặt mua (注文する (ちゅうもんする)), D. Cắt",レストランで料理を注文します。(Gọi món ở nhà hàng.)
Q16,Từ '確か' có nghĩa là gì?,Hình như,Bởi vậy,Thật ra,Tại sao,A,"A. Hình như (確か (たしか)), B. Bởi vậy, C. Thật ra (実は (じつは)), D. Tại sao (なんで)",確か、彼は今日休みです。(Hình như hôm nay anh ấy nghỉ.)
Q17,Từ 'お大事に' có nghĩa là gì?,Giữ gìn sức khoẻ,Thật ra,Tại sao,Bởi vậy,A,"A. Giữ gìn sức khoẻ (お大事に (おだいじに)), B. Thật ra (実は (じつは)), C. Tại sao (なんで), D. Bởi vậy",風邪ですね。お大事に。(Cảm rồi nhỉ. Hãy giữ gìn sức khoẻ nhé.)
Q18,Từ '実は' có nghĩa là gì?,Làm thế nào,Hình như,Thật ra,Tại sao,C,"A. Làm thế nào (どうやって), B. Hình như (確か (たしか)), C. Thật ra (実は (じつは)), D. Tại sao (なんで)","実は、明日から旅行に行きます。(Thật ra, từ ngày mai tôi sẽ đi du lịch.)"
Q19,Từ '同僚' có nghĩa là gì?,Tài xế,Đồng nghiệp,Người quen,Tuyển thủ,B,"A. Tài xế, B. Đồng nghiệp (同僚 (どうりょう)), C. Người quen (知り合い (しりあい)), D. Tuyển thủ (選手 (せんしゅ))",会社の同僚と飲みに行きます。(Đi uống với đồng nghiệp công ty.)
Q20,Từ '貿易' có nghĩa là gì?,Chính trị,Hẹn hò,Kimono,"Ngoại thương, thương mại",D,"A. Chính trị (政治 (せいじ)), B. Hẹn hò (デート), C. Kimono (着物 (きもの)), D. Ngoại thương, thương mại (貿易 (ぼうえき))",貿易の仕事をしています。(Đang làm công việc ngoại thương.)
Q21,Từ '着物' có nghĩa là gì?,Hẹn hò,Tâm trạng,Kimono,Ngoại thương,C,"A. Hẹn hò (デート), B. Tâm trạng (気分 (きぶん)), C. Kimono (着物 (きもの)), D. Ngoại thương",お正月に着物を着ます。(Mặc kimono vào ngày Tết.)
Q22,Từ '具合' có nghĩa là gì?,Hứng thú,Chính trị,Tình trạng sức khoẻ,Tâm trạng,C,"A. Hứng thú (興味 (きょうみ)), B. Chính trị (政治 (せいじ)), C. Tình trạng sức khoẻ (具合 (ぐあい)), D. Tâm trạng (気分 (きぶん))",今日は具合が悪いです。(Hôm nay tình trạng sức khoẻ không tốt.)
Q23,Từ '気分' có nghĩa là gì?,Tình trạng sức khoẻ,Hẹn hò,Tâm trạng,Ngoại thương,C,"A. Tình trạng sức khoẻ (具合 (ぐあい)), B. Hẹn hò (デート), C. Tâm trạng (気分 (きぶん)), D. Ngoại thương",気分がいいです。(Tâm trạng đang tốt.)
Q24,Từ 'デート' có nghĩa là gì?,Hẹn hò,Kimono,Nhạc kịch,Tán gẫu,A,"A. Hẹn hò (デート), B. Kimono (着物 (きもの)), C. Nhạc kịch (ミュージカル), D. Tán gẫu",週末は彼女とデートです。(Cuối tuần có hẹn với bạn gái.)
Q25,Từ '利用する' có nghĩa là gì?,Giới thiệu,Cắt,Gọi món,Sử dụng,D,"A. Giới thiệu (紹介する (しょうかいする)), B. Cắt, C. Gọi món, D. Sử dụng (利用する (りようする))",図書館を利用します。(Sử dụng thư viện.)
Q26,Từ '紹介する' có nghĩa là gì?,Bắt đầu,Sử dụng,Giới thiệu,Cắt,C,"A. Bắt đầu (始める (はじめる)), B. Sử dụng (利用する (りようする)), C. Giới thiệu (紹介する (しょうかいする)), D. Cắt",友達を紹介します。(Giới thiệu bạn bè.)
Q27,Từ 'カットする' có nghĩa là gì?,Giới thiệu,"Cắt, chia",Sử dụng,Gọi món,B,"A. Giới thiệu (紹介する (しょうかいする)), B. Cắt, chia (カットする), C. Sử dụng (利用する (りようする)), D. Gọi món",髪をカットします。(Cắt tóc.)
Q28,Từ 'なんで' có nghĩa là gì?,Bởi vậy,Tại sao,Làm thế nào,Hình như,B,"A. Bởi vậy, B. Tại sao (なんで), C. Làm thế nào (どうやって), D. Hình như (確か (たしか))",なんで遅れたの？(Tại sao lại đến muộn?)
Q29,Từ 'だから' có nghĩa là gì?,Hình như,Tại sao,"Bởi vậy, vậy nên",Làm thế nào,C,"A. Hình như (確か (たしか)), B. Tại sao (なんで), C. Bởi vậy, vậy nên (だから), D. Làm thế nào (どうやって)",雨が降っている。だから出かけない。(Trời đang mưa. Bởi vậy nên không đi ra ngoài.)
Q30,Từ 'どうやって' có nghĩa là gì?,Bởi vậy,Làm thế nào,Thật ra,Tại sao,B,"A. Bởi vậy, B. Làm thế nào (どうやって), C. Thật ra (実は (じつは)), D. Tại sao (なんで)",駅までどうやって行きますか。(Đến nhà ga đi bằng cách nào?)
Q31,Từ '公園' có nghĩa là gì?,Sở thú,Khu vui chơi,Công viên,Nhà trẻ,C,"A. Sở thú (動物園 (どうぶつえん)), B. Khu vui chơi (遊園地 (ゆうえんち)), C. Công viên (公園 (こうえん)), D. Nhà trẻ (保育園 (ほいくえん))",公園で散歩します。(Đi dạo ở công viên.)
Q32,Từ '主人公' có nghĩa là gì?,Tuyển thủ,Nhân vật chính,Đồng nghiệp,Tài xế,B,"A. Tuyển thủ (選手 (せんしゅ)), B. Nhân vật chính (主人公 (しゅじんこう)), C. Đồng nghiệp (同僚 (どうりょう)), D. Tài xế",この映画の主人公は誰ですか。(Nhân vật chính của bộ phim này là ai?)
Q33,Từ '広い' có nghĩa là gì?,Xa,Rộng,Hẹp,"To, lớn",B,"A. Xa (遠い (とおい)), B. Rộng (広い (ひろい)), C. Hẹp, D. To, lớn (大きな (おおきな))",広い部屋ですね。(Căn phòng rộng nhỉ.)
Q34,Từ '広告' có nghĩa là gì?,Quảng cáo,Ngoại thương,Công viên,Tạp chí,A,"A. Quảng cáo (広告 (こうこく)), B. Ngoại thương, C. Công viên (公園 (こうえん)), D. Tạp chí",新聞の広告を見ます。(Xem quảng cáo trên báo.)
Q35,Từ '去年' có nghĩa là gì?,Năm sau,Năm ngoái,Tháng trước,Năm nay,B,"A. Năm sau, B. Năm ngoái (去年 (きょねん)), C. Tháng trước, D. Năm nay",去年、日本へ行きました。(Năm ngoái tôi đã đi Nhật.)
Q36,Từ '転ぶ' có nghĩa là gì?,Chữa bệnh,"Ngã, té",Lái xe,Bắt đầu,B,"A. Chữa bệnh, B. Ngã, té (転ぶ (ころぶ)), C. Lái xe (運転する (うんてんする)), D. Bắt đầu (始める (はじめる))",道で転びました。(Đã bị ngã trên đường.)
Q37,Từ '運転する' có nghĩa là gì?,Lái xe,Gọi món,Bắt đầu,Ngã,A,"A. Lái xe (運転する (うんてんする)), B. Gọi món, C. Bắt đầu (始める (はじめる)), D. Ngã",毎日、車を運転します。(Mỗi ngày đều lái xe ô tô.)
Q38,Từ '運転手' có nghĩa là gì?,Đồng nghiệp,Tuyển thủ,"Tài xế, người lái xe",Người quen,C,"A. Đồng nghiệp (同僚 (どうりょう)), B. Tuyển thủ (選手 (せんしゅ)), C. Tài xế, người lái xe (運転手 (うんてんしゅ)), D. Người quen (知り合い (しりあい))",タクシーの運転手。(Tài xế taxi.)
Q39,Từ '自転車' có nghĩa là gì?,Xe đạp,Tàu điện,Xe máy,Ô tô,A,"A. Xe đạp (自転車 (じてんしゃ)), B. Tàu điện, C. Xe máy, D. Ô tô",自転車で学校へ行きます。(Đi đến trường bằng xe đạp.)
Q40,Từ '遊園地' có nghĩa là gì?,Sở thú,Nhà trẻ,Khu vui chơi,Công viên,C,"A. Sở thú (動物園 (どうぶつえん)), B. Nhà trẻ (保育園 (ほいくえん)), C. Khu vui chơi (遊園地 (ゆうえんち)), D. Công viên (公園 (こうえん))",週末に遊園地へ行きます。(Cuối tuần đi khu vui chơi.)
Q41,Từ '動物園' có nghĩa là gì?,Sở thú,Công viên,Khu vui chơi,Nhà trẻ,A,"A. Sở thú (動物園 (どうぶつえん)), B. Công viên (公園 (こうえん)), C. Khu vui chơi (遊園地 (ゆうえんち)), D. Nhà trẻ (保育園 (ほいくえん))",動物園でパンダを見ました。(Đã xem gấu trúc ở sở thú.)
Q42,Từ '保育園' có nghĩa là gì?,Nhà trẻ,Công viên,Khu vui chơi,Sở thú,A,"A. Nhà trẻ (保育園 (ほいくえん)), B. Công viên (公園 (こうえん)), C. Khu vui chơi (遊園地 (ゆうえんち)), D. Sở thú (動物園 (どうぶつえん))",子供を保育園に迎えに行く。(Đi đón con ở nhà trẻ.)
Q43,Từ '台所' có nghĩa là gì?,Bão,Nhà vệ sinh,Nhà bếp,Phòng ngủ,C,"A. Bão (台風 (たいふう)), B. Nhà vệ sinh, C. Nhà bếp (台所 (だいどころ)), D. Phòng ngủ",台所で料理を作ります。(Nấu ăn ở nhà bếp.)
Q44,Từ '台風' có nghĩa là gì?,Mưa,Gió,Bão,Động đất,C,"A. Mưa, B. Gió, C. Bão (台風 (たいふう)), D. Động đất",台風が近づいています。(Bão đang đến gần.)
Q45,Từ '開始' có nghĩa là gì?,Kết thúc,Hoàn thành,Sử dụng,"Bắt đầu, khởi đầu",D,"A. Kết thúc, B. Hoàn thành, C. Sử dụng (利用する (りようする)), D. Bắt đầu, khởi đầu (開始 (かいし))",試合開始の時間です。(Thời gian bắt đầu trận đấu.)
Q46,Từ '治す' có nghĩa là gì?,Ngã,Bắt đầu,"Chữa, trị bệnh",Khỏi bệnh,C,"A. Ngã, B. Bắt đầu (始める (はじめる)), C. Chữa, trị bệnh (治す (なおす)), D. Khỏi bệnh",医者が病気を治します。(Bác sĩ chữa bệnh.)
Q47,Từ '治る' có nghĩa là gì?,"Khỏi (bệnh), lành (vết thương)",Chữa bệnh,Bắt đầu,Lái xe,A,"A. Khỏi (bệnh), lành (vết thương) (治る (なおる)), B. Chữa bệnh, C. Bắt đầu (始める (はじめる)), D. Lái xe (運転する (うんてんする))",風邪が治りました。(Đã khỏi cảm.)
Q48,Từ '政治' có nghĩa là gì?,Chính trị,Ý nghĩa,Ngoại thương,Tình trạng,A,"A. Chính trị (政治 (せいじ)), B. Ý nghĩa (意味 (いみ)), C. Ngoại thương, D. Tình trạng",政治に興味があります。(Có hứng thú với chính trị.)
Q49,Từ '正しい' có nghĩa là gì?,"Đúng, chính xác",Sai,Xa,Rộng,A,"A. Đúng, chính xác (正しい (ただしい)), B. Sai, C. Xa (遠い (とおい)), D. Rộng (広い (ひろい))",正しい答えを選んでください。(Hãy chọn câu trả lời đúng.)
Q50,Từ 'お正月' có nghĩa là gì?,Năm ngoái,Tết,Mùa xuân,Giáng sinh,B,"A. Năm ngoái (去年 (きょねん)), B. Tết (お正月 (おしょうがつ)), C. Mùa xuân, D. Giáng sinh",お正月に神社へ行きます。(Đi đền vào ngày Tết.)
Q51,Từ nào sau đây có nghĩa là 'Hứng thú'?,興味,場所,選手,意味,A,"A. 興味 (きょうみ - Hứng thú), B. 場所 (ばしょ - Địa điểm, nơi), C. 選手 (せんしゅ - Tuyển thủ), D. 意味 (いみ - Ý nghĩa)",日本の文化に興味があります。(Tôi có hứng thú với văn hóa Nhật Bản.)
Q52,Từ nào sau đây có nghĩa là 'Ý nghĩa'?,興味,意味,調子,紹介,B,"A. 興味 (きょうみ - Hứng thú), B. 意味 (いみ - Ý nghĩa), C. 調子 (ちょうし - Tình trạng (cơ thể, máy móc)), D. 紹介",この言葉の意味が分かりません。(Tôi không hiểu ý nghĩa của từ này.)
Q53,"Từ nào sau đây có nghĩa là 'Địa điểm, nơi'?",同僚,場所,具合,選手,B,"A. 同僚 (どうりょう - Đồng nghiệp), B. 場所 (ばしょ - Địa điểm, nơi), C. 具合 (ぐあい - Tình trạng sức khoẻ), D. 選手 (せんしゅ - Tuyển thủ)",待ち合わせの場所は駅の前です。(Địa điểm hẹn gặp là trước nhà ga.)
Q54,Từ nào sau đây có nghĩa là 'Người quen'?,主人公,知り合い,同僚,選手,B,"A. 主人公 (しゅじんこう - Nhân vật chính), B. 知り合い (しりあい - Người quen), C. 同僚 (どうりょう - Đồng nghiệp), D. 選手 (せんしゅ - Tuyển thủ)",パーティーで知り合いに会いました。(Tôi đã gặp người quen ở bữa tiệc.)
Q55,Từ nào sau đây có nghĩa là 'Tuyển thủ'?,運転手,知り合い,選手,同僚,C,"A. 運転手 (うんてんしゅ - Tài xế, người lái xe), B. 知り合い (しりあい - Người quen), C. 選手 (せんしゅ - Tuyển thủ), D. 同僚 (どうりょう - Đồng nghiệp)",彼は有名なサッカーの選手です。(Anh ấy là một cầu thủ bóng đá nổi tiếng.)
Q56,"Từ nào sau đây có nghĩa là 'Tình trạng (cơ thể, máy móc)'?",興味,意味,調子,気分,C,"A. 興味 (きょうみ - Hứng thú), B. 意味 (いみ - Ý nghĩa), C. 調子 (ちょうし - Tình trạng (cơ thể, máy móc)), D. 気分 (きぶん - Tâm trạng)",今日は体の調子がいいです。(Hôm nay tình trạng cơ thể tôi rất tốt.)
Q57,Từ nào sau đây có nghĩa là 'Nhạc kịch'?,ミュージカル,チャット,デート,貿易,A,"A. ミュージカル (Nhạc kịch), B. チャット (Tán gẫu, chat), C. デート (Hẹn hò), D. 貿易 (ぼうえき - Ngoại thương, thương mại)",週末にミュージカルを見に行きます。(Cuối tuần tôi sẽ đi xem nhạc kịch.)
Q58,"Từ nào sau đây có nghĩa là 'Tán gẫu, chat'?",ミュージカル,チャット,広告,デート,B,"A. ミュージカル (Nhạc kịch), B. チャット (Tán gẫu, chat), C. 広告 (こうこく - Quảng cáo), D. デート (Hẹn hò)",友達とチャットをしています。(Tôi đang chat với bạn.)
Q59,Từ nào sau đây có nghĩa là 'Xa'?,近い,苦い,広い,遠い,D,"A. 近い, B. 苦い (にがい - Đắng), C. 広い (ひろい - Rộng), D. 遠い (とおい - Xa)",家から学校まで遠いです。(Từ nhà đến trường rất xa.)
Q60,"Từ nào sau đây có nghĩa là 'Được, tốt (lịch sự)'?",遠い,広い,苦い,よろしい,D,"A. 遠い (とおい - Xa), B. 広い (ひろい - Rộng), C. 苦い (にがい - Đắng), D. よろしい (Được, tốt (lịch sự))",こちらでよろしいですか。(Ở đây có được không ạ?)
Q61,Từ nào sau đây có nghĩa là 'Đắng'?,甘い,苦い,遠い,大きな,B,"A. 甘い, B. 苦い (にがい - Đắng), C. 遠い (とおい - Xa), D. 大きな (おおきな - To, lớn)",この薬はとても苦いです。(Thuốc này rất đắng.)
Q62,"Từ nào sau đây có nghĩa là 'To, lớn'?",苦い,小さな,広い,大きな,D,"A. 苦い (にがい - Đắng), B. 小さな, C. 広い (ひろい - Rộng), D. 大きな (おおきな - To, lớn)",大きな声で話してください。(Hãy nói lớn tiếng lên.)
Q63,Từ nào sau đây có nghĩa là 'Hợp với'?,似合う,始める,紹介する,利用する,A,"A. 似合う (にあう - Hợp với), B. 始める (はじめる - Bắt đầu), C. 紹介する (しょうかいする - Giới thiệu), D. 利用する (りようする - Sử dụng)",その服、よく似合っていますね。(Bộ đồ đó rất hợp với bạn.)
Q64,Từ nào sau đây có nghĩa là 'Bắt đầu'?,終わる,する,注文する,始める,D,"A. 終わる, B. する, C. 注文する (ちゅうもんする - Gọi món, đặt mua), D. 始める (はじめる - Bắt đầu)",日本語の勉強を始めます。(Bắt đầu học tiếng Nhật.)
Q65,"Từ nào sau đây có nghĩa là 'Gọi món, đặt mua'?",利用する,カットする,注文する,紹介する,C,"A. 利用する (りようする - Sử dụng), B. カットする (Cắt, chia), C. 注文する (ちゅうもんする - Gọi món, đặt mua), D. 紹介する (しょうかいする - Giới thiệu)",レストランで料理を注文します。(Gọi món ở nhà hàng.)
Q66,Từ nào sau đây có nghĩa là 'Hình như'?,だから,なんで,実は,確か,D,"A. だから (Bởi vậy, vậy nên), B. なんで (Tại sao), C. 実は (じつは - Thật ra), D. 確か (たしか - Hình như)",確か、彼は今日休みです。(Hình như hôm nay anh ấy nghỉ.)
Q67,Từ nào sau đây có nghĩa là 'Giữ gìn sức khoẻ'?,なんで,実は,お大事に,だから,C,"A. なんで (Tại sao), B. 実は (じつは - Thật ra), C. お大事に (おだいじに - Giữ gìn sức khoẻ), D. だから (Bởi vậy, vậy nên)",風邪ですね。お大事に。(Cảm rồi nhỉ. Hãy giữ gìn sức khoẻ nhé.)
Q68,Từ nào sau đây có nghĩa là 'Thật ra'?,どうやって,なんで,実は,確か,C,"A. どうやって (Làm thế nào), B. なんで (Tại sao), C. 実は (じつは - Thật ra), D. 確か (たしか - Hình như)","実は、明日から旅行に行きます。(Thật ra, từ ngày mai tôi sẽ đi du lịch.)"
Q69,Từ nào sau đây có nghĩa là 'Đồng nghiệp'?,選手,知り合い,同僚,運転手,C,"A. 選手 (せんしゅ - Tuyển thủ), B. 知り合い (しりあい - Người quen), C. 同僚 (どうりょう - Đồng nghiệp), D. 運転手 (うんてんしゅ - Tài xế, người lái xe)",会社の同僚と飲みに行きます。(Đi uống với đồng nghiệp công ty.)
Q70,"Từ nào sau đây có nghĩa là 'Ngoại thương, thương mại'?",政治,着物,貿易,デート,C,"A. 政治 (せいじ - Chính trị), B. 着物 (きもの - Kimono), C. 貿易 (ぼうえき - Ngoại thương, thương mại), D. デート (Hẹn hò)",貿易の仕事をしています。(Đang làm công việc ngoại thương.)
Q71,Từ nào sau đây có nghĩa là 'Kimono'?,着物,気分,貿易,デート,A,"A. 着物 (きもの - Kimono), B. 気分 (きぶん - Tâm trạng), C. 貿易 (ぼうえき - Ngoại thương, thương mại), D. デート (Hẹn hò)",お正月に着物を着ます。(Mặc kimono vào ngày Tết.)
Q72,Từ nào sau đây có nghĩa là 'Tình trạng sức khoẻ'?,政治,気分,具合,興味,C,"A. 政治 (せいじ - Chính trị), B. 気分 (きぶん - Tâm trạng), C. 具合 (ぐあい - Tình trạng sức khoẻ), D. 興味 (きょうみ - Hứng thú)",今日は具合が悪いです。(Hôm nay tình trạng sức khoẻ không tốt.)
Q73,Từ nào sau đây có nghĩa là 'Tâm trạng'?,デート,気分,具合,貿易,B,"A. デート (Hẹn hò), B. 気分 (きぶん - Tâm trạng), C. 具合 (ぐあい - Tình trạng sức khoẻ), D. 貿易 (ぼうえき - Ngoại thương, thương mại)",気分がいいです。(Tâm trạng đang tốt.)
Q74,Từ nào sau đây có nghĩa là 'Hẹn hò'?,デート,ミュージカル,着物,チャット,A,"A. デート (Hẹn hò), B. ミュージカル (Nhạc kịch), C. 着物 (きもの - Kimono), D. チャット (Tán gẫu, chat)",週末は彼女とデートです。(Cuối tuần có hẹn với bạn gái.)
Q75,Từ nào sau đây có nghĩa là 'Sử dụng'?,利用する,注文する,紹介する,カットする,A,"A. 利用する (りようする - Sử dụng), B. 注文する (ちゅうもんする - Gọi món, đặt mua), C. 紹介する (しょうかいする - Giới thiệu), D. カットする (Cắt, chia)",図書館を利用します。(Sử dụng thư viện.)
Q76,Từ nào sau đây có nghĩa là 'Giới thiệu'?,利用する,カットする,紹介する,始める,C,"A. 利用する (りようする - Sử dụng), B. カットする (Cắt, chia), C. 紹介する (しょうかいする - Giới thiệu), D. 始める (はじめる - Bắt đầu)",友達を紹介します。(Giới thiệu bạn bè.)
Q77,"Từ nào sau đây có nghĩa là 'Cắt, chia'?",利用する,注文する,紹介する,カットする,D,"A. 利用する (りようする - Sử dụng), B. 注文する (ちゅうもんする - Gọi món, đặt mua), C. 紹介する (しょうかいする - Giới thiệu), D. カットする (Cắt, chia)",髪をカットします。(Cắt tóc.)
Q78,Từ nào sau đây có nghĩa là 'Tại sao'?,なんで,どうやって,だから,確か,A,"A. なんで (Tại sao), B. どうやって (Làm thế nào), C. だから (Bởi vậy, vậy nên), D. 確か (たしか - Hình như)",なんで遅れたの？(Tại sao lại đến muộn?)
Q79,"Từ nào sau đây có nghĩa là 'Bởi vậy, vậy nên'?",確か,なんで,どうやって,だから,D,"A. 確か (たしか - Hình như), B. なんで (Tại sao), C. どうやって (Làm thế nào), D. だから (Bởi vậy, vậy nên)",雨が降っている。だから出かけない。(Trời đang mưa. Bởi vậy nên không đi ra ngoài.)
Q80,Từ nào sau đây có nghĩa là 'Làm thế nào'?,だから,どうやって,実は,なんで,B,"A. だから (Bởi vậy, vậy nên), B. どうやって (Làm thế nào), C. 実は (じつは - Thật ra), D. なんで (Tại sao)",駅までどうやって行きますか。(Đến nhà ga đi bằng cách nào?)
Q81,Từ nào sau đây có nghĩa là 'Công viên'?,保育園,公園,遊園地,動物園,B,"A. 保育園 (ほいくえん - Nhà trẻ), B. 公園 (こうえん - Công viên), C. 遊園地 (ゆうえんち - Khu vui chơi), D. 動物園 (どうぶつえん - Sở thú)",公園で散歩します。(Đi dạo ở công viên.)
Q82,Từ nào sau đây có nghĩa là 'Nhân vật chính'?,運転手,主人公,同僚,選手,B,"A. 運転手 (うんてんしゅ - Tài xế, người lái xe), B. 主人公 (しゅじんこう - Nhân vật chính), C. 同僚 (どうりょう - Đồng nghiệp), D. 選手 (せんしゅ - Tuyển thủ)",この映画の主人公は誰ですか。(Nhân vật chính của bộ phim này là ai?)
Q83,Từ nào sau đây có nghĩa là 'Rộng'?,狭い,大きな,遠い,広い,D,"A. 狭い, B. 大きな (おおきな - To, lớn), C. 遠い (とおい - Xa), D. 広い (ひろい - Rộng)",広い部屋ですね。(Căn phòng rộng nhỉ.)
Q84,Từ nào sau đây có nghĩa là 'Quảng cáo'?,雑誌,公園,貿易,広告,D,"A. 雑誌, B. 公園 (こうえん - Công viên), C. 貿易 (ぼうえき - Ngoại thương, thương mại), D. 広告 (こうこく - Quảng cáo)",新聞の広告を見ます。(Xem quảng cáo trên báo.)
Q85,Từ nào sau đây có nghĩa là 'Năm ngoái'?,去年,今年,来年,先月,A,"A. 去年 (きょねん - Năm ngoái), B. 今年, C. 来年, D. 先月",去年、日本へ行きました。(Năm ngoái tôi đã đi Nhật.)
Q86,"Từ nào sau đây có nghĩa là 'Ngã, té'?",運転する,始める,転ぶ,治す,C,"A. 運転する (うんてんする - Lái xe), B. 始める (はじめる - Bắt đầu), C. 転ぶ (ころぶ - Ngã, té), D. 治す (なおす - Chữa, trị bệnh)",道で転びました。(Đã bị ngã trên đường.)
Q87,Từ nào sau đây có nghĩa là 'Lái xe'?,始める,転ぶ,注文する,運転する,D,"A. 始める (はじめる - Bắt đầu), B. 転ぶ (ころぶ - Ngã, té), C. 注文する (ちゅうもんする - Gọi món, đặt mua), D. 運転する (うんてんする - Lái xe)",毎日、車を運転します。(Mỗi ngày đều lái xe ô tô.)
Q88,"Từ nào sau đây có nghĩa là 'Tài xế, người lái xe'?",知り合い,同僚,選手,運転手,D,"A. 知り合い (しりあい - Người quen), B. 同僚 (どうりょう - Đồng nghiệp), C. 選手 (せんしゅ - Tuyển thủ), D. 運転手 (うんてんしゅ - Tài xế, người lái xe)",タクシーの運転手。(Tài xế taxi.)
Q89,Từ nào sau đây có nghĩa là 'Xe đạp'?,バイク,自動車,自転車,電車,C,"A. バイク, B. 自動車, C. 自転車 (じてんしゃ - Xe đạp), D. 電車",自転車で学校へ行きます。(Đi đến trường bằng xe đạp.)
Q90,Từ nào sau đây có nghĩa là 'Khu vui chơi'?,遊園地,公園,保育園,動物園,A,"A. 遊園地 (ゆうえんち - Khu vui chơi), B. 公園 (こうえん - Công viên), C. 保育園 (ほいくえん - Nhà trẻ), D. 動物園 (どうぶつえん - Sở thú)",週末に遊園地へ行きます。(Cuối tuần đi khu vui chơi.)
Q91,Từ nào sau đây có nghĩa là 'Sở thú'?,遊園地,公園,保育園,動物園,D,"A. 遊園地 (ゆうえんち - Khu vui chơi), B. 公園 (こうえん - Công viên), C. 保育園 (ほいくえん - Nhà trẻ), D. 動物園 (どうぶつえん - Sở thú)",動物園でパンダを見ました。(Đã xem gấu trúc ở sở thú.)
Q92,Từ nào sau đây có nghĩa là 'Nhà trẻ'?,遊園地,保育園,動物園,公園,B,"A. 遊園地 (ゆうえんち - Khu vui chơi), B. 保育園 (ほいくえん - Nhà trẻ), C. 動物園 (どうぶつえん - Sở thú), D. 公園 (こうえん - Công viên)",子供を保育園に迎えに行く。(Đi đón con ở nhà trẻ.)
Q93,Từ nào sau đây có nghĩa là 'Nhà bếp'?,台所,寝室,台風,トイレ,A,"A. 台所 (だいどころ - Nhà bếp), B. 寝室, C. 台風 (たいふう - Bão), D. トイレ",台所で料理を作ります。(Nấu ăn ở nhà bếp.)
Q94,Từ nào sau đây có nghĩa là 'Bão'?,地震,風,雨,台風,D,"A. 地震, B. 風, C. 雨, D. 台風 (たいふう - Bão)",台風が近づいています。(Bão đang đến gần.)
Q95,"Từ nào sau đây có nghĩa là 'Bắt đầu, khởi đầu'?",開始,利用,終了,完成,A,"A. 開始 (かいし - Bắt đầu, khởi đầu), B. 利用, C. 終了, D. 完成",試合開始の時間です。(Thời gian bắt đầu trận đấu.)
Q96,"Từ nào sau đây có nghĩa là 'Chữa, trị bệnh'?",転ぶ,治す,治る,始める,B,"A. 転ぶ (ころぶ - Ngã, té), B. 治す (なおす - Chữa, trị bệnh), C. 治る (なおる - Khỏi (bệnh), lành (vết thương)), D. 始める (はじめる - Bắt đầu)",医者が病気を治します。(Bác sĩ chữa bệnh.)
Q97,"Từ nào sau đây có nghĩa là 'Khỏi (bệnh), lành (vết thương)'?",運転する,治る,始まる,治す,B,"A. 運転する (うんてんする - Lái xe), B. 治る (なおる - Khỏi (bệnh), lành (vết thương)), C. 始まる, D. 治す (なおす - Chữa, trị bệnh)",風邪が治りました。(Đã khỏi cảm.)
Q98,Từ nào sau đây có nghĩa là 'Chính trị'?,政治,調子,意味,貿易,A,"A. 政治 (せいじ - Chính trị), B. 調子 (ちょうし - Tình trạng (cơ thể, máy móc)), C. 意味 (いみ - Ý nghĩa), D. 貿易 (ぼうえき - Ngoại thương, thương mại)",政治に興味があります。(Có hứng thú với chính trị.)
Q99,"Từ nào sau đây có nghĩa là 'Đúng, chính xác'?",遠い,違う,広い,正しい,D,"A. 遠い (とおい - Xa), B. 違う, C. 広い (ひろい - Rộng), D. 正しい (ただしい - Đúng, chính xác)",正しい答えを選んでください。(Hãy chọn câu trả lời đúng.)
Q100,Từ nào sau đây có nghĩa là 'Tết'?,春,クリスマス,お正月,去年,C,"A. 春, B. クリスマス, C. お正月 (おしょうがつ - Tết), D. 去年 (きょねん - Năm ngoái)",お正月に神社へ行きます。(Đi đền vào ngày Tết.)
Q101,Điền từ thích hợp vào chỗ trống: 日本の文化に＿＿＿があります。,意味,場所,選手,興味,D,"A. 意味 (いみ - Ý nghĩa), B. 場所 (ばしょ - Địa điểm, nơi), C. 選手 (せんしゅ - Tuyển thủ), D. 興味 (きょうみ - Hứng thú)",日本の文化に興味があります。(Tôi có hứng thú với văn hóa Nhật Bản.)
Q102,Điền từ thích hợp vào chỗ trống: この言葉の＿＿＿が分かりません。,興味,意味,調子,紹介,B,"A. 興味 (きょうみ - Hứng thú), B. 意味 (いみ - Ý nghĩa), C. 調子 (ちょうし - Tình trạng (cơ thể, máy móc)), D. 紹介",この言葉の意味が分かりません。(Tôi không hiểu ý nghĩa của từ này.)
Q103,Điền từ thích hợp vào chỗ trống: 待ち合わせの＿＿＿は駅の前です。,場所,同僚,選手,具合,A,"A. 場所 (ばしょ - Địa điểm, nơi), B. 同僚 (どうりょう - Đồng nghiệp), C. 選手 (せんしゅ - Tuyển thủ), D. 具合 (ぐあい - Tình trạng sức khoẻ)",待ち合わせの場所は駅の前です。(Địa điểm hẹn gặp là trước nhà ga.)
Q104,Điền từ thích hợp vào chỗ trống: パーティーで＿＿＿に会いました。,知り合い,同僚,主人公,選手,A,"A. 知り合い (しりあい - Người quen), B. 同僚 (どうりょう - Đồng nghiệp), C. 主人公 (しゅじんこう - Nhân vật chính), D. 選手 (せんしゅ - Tuyển thủ)",パーティーで知り合いに会いました。(Tôi đã gặp người quen ở bữa tiệc.)
Q105,Điền từ thích hợp vào chỗ trống: 彼は有名なサッカーの＿＿＿です。,選手,知り合い,運転手,同僚,A,"A. 選手 (せんしゅ - Tuyển thủ), B. 知り合い (しりあい - Người quen), C. 運転手 (うんてんしゅ - Tài xế, người lái xe), D. 同僚 (どうりょう - Đồng nghiệp)",彼は有名なサッカーの選手です。(Anh ấy là một cầu thủ bóng đá nổi tiếng.)
Q106,Điền từ thích hợp vào chỗ trống: 今日は体の＿＿＿がいいです。,興味,調子,気分,意味,B,"A. 興味 (きょうみ - Hứng thú), B. 調子 (ちょうし - Tình trạng (cơ thể, máy móc)), C. 気分 (きぶん - Tâm trạng), D. 意味 (いみ - Ý nghĩa)",今日は体の調子がいいです。(Hôm nay tình trạng cơ thể tôi rất tốt.)
Q107,Điền từ thích hợp vào chỗ trống: 週末に＿＿＿を見に行きます。,デート,チャット,ミュージカル,貿易,C,"A. デート (Hẹn hò), B. チャット (Tán gẫu, chat), C. ミュージカル (Nhạc kịch), D. 貿易 (ぼうえき - Ngoại thương, thương mại)",週末にミュージカルを見に行きます。(Cuối tuần tôi sẽ đi xem nhạc kịch.)
Q108,Điền từ thích hợp vào chỗ trống: 友達と＿＿＿をしています。,ミュージカル,チャット,広告,デート,B,"A. ミュージカル (Nhạc kịch), B. チャット (Tán gẫu, chat), C. 広告 (こうこく - Quảng cáo), D. デート (Hẹn hò)",友達とチャットをしています。(Tôi đang chat với bạn.)
Q109,Điền từ thích hợp vào chỗ trống: 家から学校まで＿＿＿です。,近い,遠い,広い,苦い,B,"A. 近い, B. 遠い (とおい - Xa), C. 広い (ひろい - Rộng), D. 苦い (にがい - Đắng)",家から学校まで遠いです。(Từ nhà đến trường rất xa.)
Q110,Điền từ thích hợp vào chỗ trống: こちらで＿＿＿ですか。,広い,遠い,苦い,よろしい,D,"A. 広い (ひろい - Rộng), B. 遠い (とおい - Xa), C. 苦い (にがい - Đắng), D. よろしい (Được, tốt (lịch sự))",こちらでよろしいですか。(Ở đây có được không ạ?)
Q111,Điền từ thích hợp vào chỗ trống: この薬はとても＿＿＿です。,苦い,大きな,甘い,遠い,A,"A. 苦い (にがい - Đắng), B. 大きな (おおきな - To, lớn), C. 甘い, D. 遠い (とおい - Xa)",この薬はとても苦いです。(Thuốc này rất đắng.)
Q112,Điền từ thích hợp vào chỗ trống: ＿＿＿声で話してください。,小さな,大きな,広い,苦い,B,"A. 小さな, B. 大きな (おおきな - To, lớn), C. 広い (ひろい - Rộng), D. 苦い (にがい - Đắng)",大きな声で話してください。(Hãy nói lớn tiếng lên.)
Q113,Điền từ thích hợp vào chỗ trống: その服、よく＿＿＿っていますね。,似合う,紹介する,始める,利用する,A,"A. 似合う (にあう - Hợp với), B. 紹介する (しょうかいする - Giới thiệu), C. 始める (はじめる - Bắt đầu), D. 利用する (りようする - Sử dụng)",その服、よく似合っていますね。(Bộ đồ đó rất hợp với bạn.)
Q114,Điền từ thích hợp vào chỗ trống: 日本語の勉強を＿＿＿ます。,終わる,始める,注文する,する,B,"A. 終わる, B. 始める (はじめる - Bắt đầu), C. 注文する (ちゅうもんする - Gọi món, đặt mua), D. する",日本語の勉強を始めます。(Bắt đầu học tiếng Nhật.)
Q115,Điền từ thích hợp vào chỗ trống: レストランで料理を＿＿＿します。,注文する,カットする,紹介する,利用する,A,"A. 注文する (ちゅうもんする - Gọi món, đặt mua), B. カットする (Cắt, chia), C. 紹介する (しょうかいする - Giới thiệu), D. 利用する (りようする - Sử dụng)",レストランで料理を注文します。(Gọi món ở nhà hàng.)
Q116,Điền từ thích hợp vào chỗ trống: ＿＿＿、彼は今日休みです。,なんで,確か,実は,だから,B,"A. なんで (Tại sao), B. 確か (たしか - Hình như), C. 実は (じつは - Thật ra), D. だから (Bởi vậy, vậy nên)",確か、彼は今日休みです。(Hình như hôm nay anh ấy nghỉ.)
Q117,Điền từ thích hợp vào chỗ trống: 風邪ですね。,なんで,実は,だから,お大事に,D,"A. なんで (Tại sao), B. 実は (じつは - Thật ra), C. だから (Bởi vậy, vậy nên), D. お大事に (おだいじに - Giữ gìn sức khoẻ)",風邪ですね。お大事に。(Cảm rồi nhỉ. Hãy giữ gìn sức khoẻ nhé.)
Q118,Điền từ thích hợp vào chỗ trống: ＿＿＿、明日から旅行に行きます。,確か,実は,なんで,どうやって,B,"A. 確か (たしか - Hình như), B. 実は (じつは - Thật ra), C. なんで (Tại sao), D. どうやって (Làm thế nào)","実は、明日から旅行に行きます。(Thật ra, từ ngày mai tôi sẽ đi du lịch.)"
Q119,Điền từ thích hợp vào chỗ trống: 会社の＿＿＿と飲みに行きます。,選手,運転手,知り合い,同僚,D,"A. 選手 (せんしゅ - Tuyển thủ), B. 運転手 (うんてんしゅ - Tài xế, người lái xe), C. 知り合い (しりあい - Người quen), D. 同僚 (どうりょう - Đồng nghiệp)",会社の同僚と飲みに行きます。(Đi uống với đồng nghiệp công ty.)
Q120,Điền từ thích hợp vào chỗ trống: ＿＿＿の仕事をしています。,着物,政治,デート,貿易,D,"A. 着物 (きもの - Kimono), B. 政治 (せいじ - Chính trị), C. デート (Hẹn hò), D. 貿易 (ぼうえき - Ngoại thương, thương mại)",貿易の仕事をしています。(Đang làm công việc ngoại thương.)
Q121,Điền từ thích hợp vào chỗ trống: お正月に＿＿＿を着ます。,デート,貿易,気分,着物,D,"A. デート (Hẹn hò), B. 貿易 (ぼうえき - Ngoại thương, thương mại), C. 気分 (きぶん - Tâm trạng), D. 着物 (きもの - Kimono)",お正月に着物を着ます。(Mặc kimono vào ngày Tết.)
Q122,Điền từ thích hợp vào chỗ trống: 今日は＿＿＿が悪いです。,政治,具合,興味,気分,B,"A. 政治 (せいじ - Chính trị), B. 具合 (ぐあい - Tình trạng sức khoẻ), C. 興味 (きょうみ - Hứng thú), D. 気分 (きぶん - Tâm trạng)",今日は具合が悪いです。(Hôm nay tình trạng sức khoẻ không tốt.)
Q123,Điền từ thích hợp vào chỗ trống: ＿＿＿がいいです。,気分,具合,貿易,デート,A,"A. 気分 (きぶん - Tâm trạng), B. 具合 (ぐあい - Tình trạng sức khoẻ), C. 貿易 (ぼうえき - Ngoại thương, thương mại), D. デート (Hẹn hò)",気分がいいです。(Tâm trạng đang tốt.)
Q124,Điền từ thích hợp vào chỗ trống: 週末は彼女と＿＿＿です。,ミュージカル,チャット,着物,デート,D,"A. ミュージカル (Nhạc kịch), B. チャット (Tán gẫu, chat), C. 着物 (きもの - Kimono), D. デート (Hẹn hò)",週末は彼女とデートです。(Cuối tuần có hẹn với bạn gái.)
Q125,Điền từ thích hợp vào chỗ trống: 図書館を＿＿＿します。,紹介する,注文する,利用する,カットする,C,"A. 紹介する (しょうかいする - Giới thiệu), B. 注文する (ちゅうもんする - Gọi món, đặt mua), C. 利用する (りようする - Sử dụng), D. カットする (Cắt, chia)",図書館を利用します。(Sử dụng thư viện.)
Q126,Điền từ thích hợp vào chỗ trống: 友達を＿＿＿します。,カットする,始める,利用する,紹介する,D,"A. カットする (Cắt, chia), B. 始める (はじめる - Bắt đầu), C. 利用する (りようする - Sử dụng), D. 紹介する (しょうかいする - Giới thiệu)",友達を紹介します。(Giới thiệu bạn bè.)
Q127,Điền từ thích hợp vào chỗ trống: 髪を＿＿＿します。,カットする,利用する,注文する,紹介する,A,"A. カットする (Cắt, chia), B. 利用する (りようする - Sử dụng), C. 注文する (ちゅうもんする - Gọi món, đặt mua), D. 紹介する (しょうかいする - Giới thiệu)",髪をカットします。(Cắt tóc.)
Q128,Điền từ thích hợp vào chỗ trống: ＿＿＿遅れたの？(Tại sao lại đến muộn?)。,どうやって,確か,だから,なんで,D,"A. どうやって (Làm thế nào), B. 確か (たしか - Hình như), C. だから (Bởi vậy, vậy nên), D. なんで (Tại sao)",なんで遅れたの？(Tại sao lại đến muộn?)
Q129,Điền từ thích hợp vào chỗ trống: 雨が降っている。,どうやって,だから,なんで,確か,B,"A. どうやって (Làm thế nào), B. だから (Bởi vậy, vậy nên), C. なんで (Tại sao), D. 確か (たしか - Hình như)",雨が降っている。だから出かけない。(Trời đang mưa. Bởi vậy nên không đi ra ngoài.)
Q130,Điền từ thích hợp vào chỗ trống: 駅まで＿＿＿行きますか。,どうやって,なんで,だから,実は,A,"A. どうやって (Làm thế nào), B. なんで (Tại sao), C. だから (Bởi vậy, vậy nên), D. 実は (じつは - Thật ra)",駅までどうやって行きますか。(Đến nhà ga đi bằng cách nào?)
Q131,Điền từ thích hợp vào chỗ trống: ＿＿＿で散歩します。,動物園,遊園地,公園,保育園,C,"A. 動物園 (どうぶつえん - Sở thú), B. 遊園地 (ゆうえんち - Khu vui chơi), C. 公園 (こうえん - Công viên), D. 保育園 (ほいくえん - Nhà trẻ)",公園で散歩します。(Đi dạo ở công viên.)
Q132,Điền từ thích hợp vào chỗ trống: この映画の＿＿＿は誰ですか。,運転手,主人公,選手,同僚,B,"A. 運転手 (うんてんしゅ - Tài xế, người lái xe), B. 主人公 (しゅじんこう - Nhân vật chính), C. 選手 (せんしゅ - Tuyển thủ), D. 同僚 (どうりょう - Đồng nghiệp)",この映画の主人公は誰ですか。(Nhân vật chính của bộ phim này là ai?)
Q133,Điền từ thích hợp vào chỗ trống: ＿＿＿部屋ですね。,狭い,広い,大きな,遠い,B,"A. 狭い, B. 広い (ひろい - Rộng), C. 大きな (おおきな - To, lớn), D. 遠い (とおい - Xa)",広い部屋ですね。(Căn phòng rộng nhỉ.)
Q134,Điền từ thích hợp vào chỗ trống: 新聞の＿＿＿を見ます。,公園,広告,貿易,雑誌,B,"A. 公園 (こうえん - Công viên), B. 広告 (こうこく - Quảng cáo), C. 貿易 (ぼうえき - Ngoại thương, thương mại), D. 雑誌",新聞の広告を見ます。(Xem quảng cáo trên báo.)
Q135,Điền từ thích hợp vào chỗ trống: ＿＿＿、日本へ行きました。,去年,今年,来年,先月,A,"A. 去年 (きょねん - Năm ngoái), B. 今年, C. 来年, D. 先月",去年、日本へ行きました。(Năm ngoái tôi đã đi Nhật.)
Q136,Điền từ thích hợp vào chỗ trống: 道で＿＿＿ました。,治す,運転する,転ぶ,始める,C,"A. 治す (なおす - Chữa, trị bệnh), B. 運転する (うんてんする - Lái xe), C. 転ぶ (ころぶ - Ngã, té), D. 始める (はじめる - Bắt đầu)",道で転びました。(Đã bị ngã trên đường.)
Q137,Điền từ thích hợp vào chỗ trống: 毎日、車を＿＿＿します。,転ぶ,注文する,運転する,始める,C,"A. 転ぶ (ころぶ - Ngã, té), B. 注文する (ちゅうもんする - Gọi món, đặt mua), C. 運転する (うんてんする - Lái xe), D. 始める (はじめる - Bắt đầu)",毎日、車を運転します。(Mỗi ngày đều lái xe ô tô.)
Q138,Điền từ thích hợp vào chỗ trống: タクシーの＿＿＿。,運転手,同僚,選手,知り合い,A,"A. 運転手 (うんてんしゅ - Tài xế, người lái xe), B. 同僚 (どうりょう - Đồng nghiệp), C. 選手 (せんしゅ - Tuyển thủ), D. 知り合い (しりあい - Người quen)",タクシーの運転手。(Tài xế taxi.)
Q139,Điền từ thích hợp vào chỗ trống: ＿＿＿で学校へ行きます。,電車,自転車,自動車,バイク,B,"A. 電車, B. 自転車 (じてんしゃ - Xe đạp), C. 自動車, D. バイク",自転車で学校へ行きます。(Đi đến trường bằng xe đạp.)
Q140,Điền từ thích hợp vào chỗ trống: 週末に＿＿＿へ行きます。,動物園,保育園,遊園地,公園,C,"A. 動物園 (どうぶつえん - Sở thú), B. 保育園 (ほいくえん - Nhà trẻ), C. 遊園地 (ゆうえんち - Khu vui chơi), D. 公園 (こうえん - Công viên)",週末に遊園地へ行きます。(Cuối tuần đi khu vui chơi.)
Q141,Điền từ thích hợp vào chỗ trống: ＿＿＿でパンダを見ました。,公園,保育園,遊園地,動物園,D,"A. 公園 (こうえん - Công viên), B. 保育園 (ほいくえん - Nhà trẻ), C. 遊園地 (ゆうえんち - Khu vui chơi), D. 動物園 (どうぶつえん - Sở thú)",動物園でパンダを見ました。(Đã xem gấu trúc ở sở thú.)
Q142,Điền từ thích hợp vào chỗ trống: 子供を＿＿＿に迎えに行く。,遊園地,動物園,公園,保育園,D,"A. 遊園地 (ゆうえんち - Khu vui chơi), B. 動物園 (どうぶつえん - Sở thú), C. 公園 (こうえん - Công viên), D. 保育園 (ほいくえん - Nhà trẻ)",子供を保育園に迎えに行く。(Đi đón con ở nhà trẻ.)
Q143,Điền từ thích hợp vào chỗ trống: ＿＿＿で料理を作ります。,台所,台風,トイレ,寝室,A,"A. 台所 (だいどころ - Nhà bếp), B. 台風 (たいふう - Bão), C. トイレ, D. 寝室",台所で料理を作ります。(Nấu ăn ở nhà bếp.)
Q144,Điền từ thích hợp vào chỗ trống: ＿＿＿が近づいています。,台風,雨,風,地震,A,"A. 台風 (たいふう - Bão), B. 雨, C. 風, D. 地震",台風が近づいています。(Bão đang đến gần.)
Q145,Điền từ thích hợp vào chỗ trống: 試合＿＿＿の時間です。,開始,完成,利用,終了,A,"A. 開始 (かいし - Bắt đầu, khởi đầu), B. 完成, C. 利用, D. 終了",試合開始の時間です。(Thời gian bắt đầu trận đấu.)
Q146,Điền từ thích hợp vào chỗ trống: 医者が病気を＿＿＿ます。,始める,転ぶ,治る,治す,D,"A. 始める (はじめる - Bắt đầu), B. 転ぶ (ころぶ - Ngã, té), C. 治る (なおる - Khỏi (bệnh), lành (vết thương)), D. 治す (なおす - Chữa, trị bệnh)",医者が病気を治します。(Bác sĩ chữa bệnh.)
Q147,Điền từ thích hợp vào chỗ trống: 風邪が＿＿＿ました。,始まる,治る,運転する,治す,B,"A. 始まる, B. 治る (なおる - Khỏi (bệnh), lành (vết thương)), C. 運転する (うんてんする - Lái xe), D. 治す (なおす - Chữa, trị bệnh)",風邪が治りました。(Đã khỏi cảm.)
Q148,Điền từ thích hợp vào chỗ trống: ＿＿＿に興味があります。,政治,調子,意味,貿易,A,"A. 政治 (せいじ - Chính trị), B. 調子 (ちょうし - Tình trạng (cơ thể, máy móc)), C. 意味 (いみ - Ý nghĩa), D. 貿易 (ぼうえき - Ngoại thương, thương mại)",政治に興味があります。(Có hứng thú với chính trị.)
Q149,Điền từ thích hợp vào chỗ trống: ＿＿＿答えを選んでください。,違う,広い,正しい,遠い,C,"A. 違う, B. 広い (ひろい - Rộng), C. 正しい (ただしい - Đúng, chính xác), D. 遠い (とおい - Xa)",正しい答えを選んでください。(Hãy chọn câu trả lời đúng.)
Q150,Điền từ thích hợp vào chỗ trống: ＿＿＿に神社へ行きます。,春,お正月,クリスマス,去年,B,"A. 春, B. お正月 (おしょうがつ - Tết), C. クリスマス, D. 去年 (きょねん - Năm ngoái)",お正月に神社へ行きます。(Đi đền vào ngày Tết.)